TV,Radio,Social_Media,Influencer,Sales_réel,Sales_prédit,Erreur_abs,Erreur_pct
53.0,34.11167359,4.624148295,Nano,342.913,306.05,36.864,10.8
57.0,2.451159611,1.932471284,Mega,201.431,171.605,29.826,14.8
56.0,8.731409299,3.349439969,Nano,199.565,173.372,26.193,13.1
53.0,22.58564193,2.507439565,Mega,185.527,195.554,10.027,5.4
21.0,2.438852131,2.350370592,Macro,65.534,74.904,9.37,14.3
